﻿Country Name,Country Code,Series Name,Series Code,2009 [YR2009],2010 [YR2010],2011 [YR2011],2012 [YR2012],2013 [YR2013],2014 [YR2014],2015 [YR2015],2016 [YR2016],2017 [YR2017]
Indonesia,IDN,Agricultural land (sq. km),AG.LND.AGRI.K2,556000,556000,565000,565000,570000,570000,570000,..,..
Indonesia,IDN,Agricultural land (% of land area),AG.LND.AGRI.ZS,30.6916100399101,30.6916100399101,31.1884166772468,31.1884166772468,31.4644203646561,31.4644203646561,31.4644203646561,..,..
Indonesia,IDN,Agricultural irrigated land (% of total agricultural land),AG.LND.IRIG.AG.ZS,..,..,..,..,..,..,..,..,..
Indonesia,IDN,"Agricultural machinery, tractors",AG.AGR.TRAC.NO,..,..,..,..,..,..,..,..,..
Indonesia,IDN,Agricultural raw materials exports (% of merchandise exports),TX.VAL.AGRI.ZS.UN,4.52648278827303,6.53927220654602,7.52047442611408,5.94011011777937,5.79976155920426,4.82744046419788,4.9327304624371,4.76673796427141,5.37867486329203
Indonesia,IDN,Agricultural raw materials imports (% of merchandise imports),TM.VAL.AGRI.ZS.UN,2.80100642212515,3.06263943894548,3.1863466219972,2.62223894973947,2.71942788369419,2.89425350404976,2.8922519734902,3.0935961313725,3.2616773467999
Indonesia,IDN,"Agriculture, forestry, and fishing, value added (% of GDP)",NV.AGR.TOTL.ZS,15.290148146172,13.929212707137,13.5122870743946,13.3739742350727,13.3566991621949,13.3367549992146,13.4926435578886,13.471110915125,13.142301416182
Indonesia,IDN,"Agriculture, forestry, and fishing, value added (annual % growth)",NV.AGR.TOTL.KD.ZG,3.9578159020343,3.00567317304423,3.94695350383429,4.58651357694914,4.20428986473208,4.23867862915085,3.75474944615075,3.35517016664365,3.81123333656549
Indonesia,IDN,"Agriculture, forestry, and fishing, value added (constant 2010 US$)",NV.AGR.TOTL.KD,102109591147.905,105178671736.143,109330025005.519,114344461446.079,119151834049.539,124202297375.638,128865782448.456,133189448736.179,138265609407.2
Indonesia,IDN,Employment in agriculture (% of total employment) (modeled ILO estimate),SL.AGR.EMPL.ZS,40.4679985046387,39.148998260498,37.193000793457,35.9309997558594,34.9749984741211,34.2820014953613,33.0439987182617,31.8199996948242,31.1700000762939
Indonesia,IDN,Fertilizer consumption (% of fertilizer production),AG.CON.FERT.PT.ZS,103.47849512721,105.940235345092,113.830428965059,118.167165860161,121.35858874139,127.552036100747,120.266815276449,130.236075453968,..
Indonesia,IDN,Food exports (% of merchandise exports),TX.VAL.FOOD.ZS.UN,17.299636897249,16.3640152797097,16.3271642180807,17.9167672166517,17.6698698101158,20.277901665754,21.6517345600333,22.4898254548467,23.4409893157625
Indonesia,IDN,GDP growth (annual %),NY.GDP.MKTP.KD.ZG,4.62887118256154,6.22385418062366,6.16978420771008,6.03005065305612,5.55726368891013,5.006668425755,4.87632230022122,5.0332795915301,5.06768027408975
,,,,,,,,,,,,
,,,,,,,,,,,,
,,,,,,,,,,,,
Data from database: World Development Indicators,,,,,,,,,,,,
Last Updated: 10/18/2018,,,,,,,,,,,,
